{"cameraMode":{"drawMode":2,"name":"Shaded Wireframe","section":"Shading Mode"},"sceneLighting":true,"audioPlay":false,"sceneViewState":{"showFog":true,"showMaterialUpdate":false,"showSkybox":true,"showFlares":true,"showImageEffects":true,"showParticleSystems":true},"in2DMode":false,"pivot":{"x":164.30860900878907,"y":123.79600524902344,"z":19.257368087768556},"rotation":{"x":0.00018896572873927653,"y":0.9994863271713257,"z":-0.005996989086270332,"w":0.03149424120783806},"size":23.06473731994629,"orthographic":false}