{"cameraMode":{"drawMode":2,"name":"Shaded Wireframe","section":"Shading Mode"},"sceneLighting":true,"audioPlay":false,"sceneViewState":{"showFog":true,"showMaterialUpdate":false,"showSkybox":true,"showFlares":true,"showImageEffects":true,"showParticleSystems":true},"in2DMode":false,"pivot":{"x":340.1158142089844,"y":880.1785278320313,"z":328.4595642089844},"rotation":{"x":0.015411837957799435,"y":0.9838293194770813,"z":-0.10517583787441254,"w":0.14416581392288209},"size":956.3403930664063,"orthographic":false}