{"cameraMode":{"drawMode":2,"name":"Shaded Wireframe","section":"Shading Mode"},"sceneLighting":true,"audioPlay":false,"sceneViewState":{"showFog":true,"showMaterialUpdate":false,"showSkybox":true,"showFlares":true,"showImageEffects":true,"showParticleSystems":true},"in2DMode":false,"pivot":{"x":141.48065185546876,"y":85.22006225585938,"z":-18.665069580078126},"rotation":{"x":0.07943686842918396,"y":-0.8890557289123535,"z":0.16895583271980287,"w":0.4180041253566742},"size":254.55528259277345,"orthographic":false}