{"cameraMode":{"drawMode":2,"name":"Shaded Wireframe","section":"Shading Mode"},"sceneLighting":true,"audioPlay":false,"sceneViewState":{"showFog":true,"showMaterialUpdate":false,"showSkybox":true,"showFlares":true,"showImageEffects":true,"showParticleSystems":true},"in2DMode":false,"pivot":{"x":48.255157470703128,"y":270.9689636230469,"z":745.921630859375},"rotation":{"x":0.006732987705618143,"y":0.9931021332740784,"z":-0.09142391383647919,"w":0.07312466949224472},"size":415.09088134765627,"orthographic":false}