{"cameraMode":{"drawMode":2,"name":"Shaded Wireframe","section":"Shading Mode"},"sceneLighting":true,"audioPlay":false,"sceneViewState":{"showFog":true,"showMaterialUpdate":false,"showSkybox":true,"showFlares":true,"showImageEffects":true,"showParticleSystems":true},"in2DMode":false,"pivot":{"x":211.853271484375,"y":267.9398498535156,"z":184.41929626464845},"rotation":{"x":0.002253554528579116,"y":0.9957631230354309,"z":-0.08835580945014954,"w":0.02539747580885887},"size":550.0469970703125,"orthographic":false}