{"cameraMode":{"drawMode":2,"name":"Shaded Wireframe","section":"Shading Mode"},"sceneLighting":true,"audioPlay":false,"sceneViewState":{"showFog":true,"showMaterialUpdate":false,"showSkybox":true,"showFlares":true,"showImageEffects":true,"showParticleSystems":true},"in2DMode":false,"pivot":{"x":164.30860900878907,"y":123.79600524902344,"z":19.257368087768556},"rotation":{"x":0.002253554528579116,"y":0.9957631230354309,"z":-0.08835580945014954,"w":0.02539747580885887},"size":3.0533366203308107,"orthographic":false}