{"cameraMode":{"drawMode":2,"name":"Shaded Wireframe","section":"Shading Mode"},"sceneLighting":true,"audioPlay":false,"sceneViewState":{"showFog":true,"showMaterialUpdate":false,"showSkybox":true,"showFlares":true,"showImageEffects":true,"showParticleSystems":true},"in2DMode":false,"pivot":{"x":-226.0803680419922,"y":341.20196533203127,"z":195.3984832763672},"rotation":{"x":-0.06440911442041397,"y":-0.9193326234817505,"z":0.16957035660743714,"w":-0.34918341040611269},"size":11.155277252197266,"orthographic":false}