{"cameraMode":{"drawMode":0,"name":"Shaded","section":"Shading Mode"},"sceneLighting":true,"audioPlay":false,"sceneViewState":{"showFog":true,"showMaterialUpdate":false,"showSkybox":true,"showFlares":true,"showImageEffects":true,"showParticleSystems":true},"in2DMode":false,"pivot":{"x":2.0925636291503908,"y":5.588932037353516,"z":-5.075386047363281},"rotation":{"x":-0.058022718876600268,"y":0.9248435497283936,"z":-0.1571469008922577,"w":-0.3414764404296875},"size":128.45314025878907,"orthographic":false}