{"cameraMode":{"drawMode":2,"name":"Shaded Wireframe","section":"Shading Mode"},"sceneLighting":true,"audioPlay":false,"sceneViewState":{"showFog":true,"showMaterialUpdate":false,"showSkybox":true,"showFlares":true,"showImageEffects":true,"showParticleSystems":true},"in2DMode":false,"pivot":{"x":2632.45849609375,"y":-457.3349609375,"z":-1067.626708984375},"rotation":{"x":-0.08234687894582749,"y":-0.836526095867157,"z":0.13105158507823945,"w":-0.5256162881851196},"size":1225.1021728515625,"orthographic":false}