{"cameraMode":{"drawMode":2,"name":"Shaded Wireframe","section":"Shading Mode"},"sceneLighting":true,"audioPlay":false,"sceneViewState":{"showFog":true,"showMaterialUpdate":false,"showSkybox":true,"showFlares":true,"showImageEffects":true,"showParticleSystems":true},"in2DMode":false,"pivot":{"x":129.54718017578126,"y":336.5574645996094,"z":480.4564208984375},"rotation":{"x":-0.010408292524516583,"y":-0.9205407500267029,"z":-0.024584393948316575,"w":0.3897377848625183},"size":119.8650894165039,"orthographic":false}